{"v":"5.3.1","fr":23.9759979248047,"ip":0,"op":85.9999925564399,"w":1200,"h":800,"nm":"Message and Creative","ddd":0,"assets":[],"layers":[{"ddd":0,"ind":1,"ty":4,"nm":"Shape Layer 1","sr":1,"ks":{"o":{"a":0,"k":100,"ix":11},"r":{"a":1,"k":[{"i":{"x":[0.333],"y":[1]},"o":{"x":[0.819],"y":[0]},"n":["0p333_1_0p819_0"],"t":9,"s":[0],"e":[57]},{"i":{"x":[0.833],"y":[1]},"o":{"x":[0.167],"y":[0]},"n":["0p833_1_0p167_0"],"t":21,"s":[57],"e":[57]},{"i":{"x":[0.32],"y":[1]},"o":{"x":[0.555],"y":[0]},"n":["0p32_1_0p555_0"],"t":50,"s":[57],"e":[6]},{"i":{"x":[0.833],"y":[1]},"o":{"x":[0.167],"y":[0]},"n":["0p833_1_0p167_0"],"t":58,"s":[6],"e":[6]},{"i":{"x":[0.299],"y":[1]},"o":{"x":[0.534],"y":[0]},"n":["0p299_1_0p534_0"],"t":63,"s":[6],"e":[0]},{"t":82.999992816099}],"ix":10},"p":{"a":1,"k":[{"i":{"x":0.169,"y":1},"o":{"x":0.768,"y":0},"n":"0p169_1_0p768_0","t":0,"s":[610,504,0],"e":[454,520,0],"to":[-30,32.6666679382324,0],"ti":[26,-2.66666674613953,0]},{"i":{"x":0.169,"y":0.169},"o":{"x":0.333,"y":0.333},"n":"0p169_0p169_0p333_0p333","t":14,"s":[454,520,0],"e":[454,520,0],"to":[0,0,0],"ti":[0,0,0]},{"i":{"x":0.169,"y":1},"o":{"x":0.797,"y":0},"n":"0p169_1_0p797_0","t":37,"s":[454,520,0],"e":[686,511,0],"to":[79,44.3333320617676,0],"ti":[-38.6666679382324,1.5,0]},{"i":{"x":0.169,"y":0.169},"o":{"x":0.167,"y":0.167},"n":"0p169_0p169_0p167_0p167","t":61,"s":[686,511,0],"e":[686,511,0],"to":[0,0,0],"ti":[0,0,0]},{"i":{"x":0.171,"y":1},"o":{"x":0.619,"y":0},"n":"0p171_1_0p619_0","t":63,"s":[686,511,0],"e":[610,504,0],"to":[-12.6666669845581,-1.16666662693024,0],"ti":[17.6787872314453,-19.2502365112305,0]},{"t":82.999992816099}],"ix":2},"a":{"a":0,"k":[0,0,0],"ix":1},"s":{"a":1,"k":[{"i":{"x":[0.833,0.833,0.833],"y":[0.833,0.833,0.833]},"o":{"x":[0.167,0.167,0.167],"y":[0.167,0.167,0.167]},"n":["0p833_0p833_0p167_0p167","0p833_0p833_0p167_0p167","0p833_0p833_0p167_0p167"],"t":21,"s":[230,230,100],"e":[200,200,100]},{"i":{"x":[0.833,0.833,0.833],"y":[0.833,0.833,0.833]},"o":{"x":[0.167,0.167,0.167],"y":[0.167,0.167,0.167]},"n":["0p833_0p833_0p167_0p167","0p833_0p833_0p167_0p167","0p833_0p833_0p167_0p167"],"t":24,"s":[200,200,100],"e":[230,230,100]},{"i":{"x":[0.833,0.833,0.833],"y":[0.833,0.833,0.833]},"o":{"x":[0.167,0.167,0.167],"y":[0.167,0.167,0.167]},"n":["0p833_0p833_0p167_0p167","0p833_0p833_0p167_0p167","0p833_0p833_0p167_0p167"],"t":27,"s":[230,230,100],"e":[230,230,100]},{"i":{"x":[0.833,0.833,0.833],"y":[0.833,0.833,0.833]},"o":{"x":[0.167,0.167,0.167],"y":[0.167,0.167,0.167]},"n":["0p833_0p833_0p167_0p167","0p833_0p833_0p167_0p167","0p833_0p833_0p167_0p167"],"t":56,"s":[230,230,100],"e":[200,200,100]},{"i":{"x":[0.833,0.833,0.833],"y":[0.833,0.833,0.833]},"o":{"x":[0.167,0.167,0.167],"y":[0.167,0.167,0.167]},"n":["0p833_0p833_0p167_0p167","0p833_0p833_0p167_0p167","0p833_0p833_0p167_0p167"],"t":59,"s":[200,200,100],"e":[230,230,100]},{"i":{"x":[0.833,0.833,0.833],"y":[0.833,0.833,0.833]},"o":{"x":[0.167,0.167,0.167],"y":[0.167,0.167,0.167]},"n":["0p833_0p833_0p167_0p167","0p833_0p833_0p167_0p167","0p833_0p833_0p167_0p167"],"t":62,"s":[230,230,100],"e":[230,230,100]},{"t":62.9999945471595}],"ix":6}},"ao":0,"hasMask":true,"masksProperties":[{"inv":false,"mode":"n","pt":{"a":0,"k":{"i":[[0,0],[-0.005,-0.077],[0,0],[-0.228,0.228],[0,0],[0,0]],"o":[[-0.054,0.054],[0,0],[0.022,0.322],[0,0],[0,0],[0,0]],"v":[[-16.1,-20.464],[-16.177,-20.257],[-13.418,19.331],[-12.777,19.57],[-9.57,16.363],[-12.395,-24.169]],"c":true},"ix":1},"o":{"a":0,"k":100,"ix":3},"x":{"a":0,"k":0,"ix":4},"nm":"Mask 1"},{"inv":false,"mode":"n","pt":{"a":0,"k":{"i":[[0.225,0.216],[0,0],[-0.017,-0.243],[0,0],[-0.215,0.265],[0,0],[0,0],[-0.415,0.194],[0,0],[0,0],[0,0]],"o":[[0,0],[-0.175,-0.169],[0,0],[0.024,0.341],[0,0],[0,0],[0.195,0.415],[0,0],[0,0],[0,0],[0.312,0.005]],"v":[[16.958,2.643],[-11.15,-24.436],[-11.6,-24.226],[-8.89,14.663],[-8.223,14.874],[-0.413,5.218],[6.732,20.473],[7.836,20.873],[11.711,19.058],[4.213,3.052],[16.714,3.234]],"c":true},"ix":1},"o":{"a":0,"k":100,"ix":3},"x":{"a":0,"k":0,"ix":4},"nm":"Mask 2"},{"inv":false,"mode":"n","pt":{"a":0,"k":{"i":[[0,0],[0,0],[0,0],[-0.066,0.066],[0,0],[0,0]],"o":[[0,0],[0,0],[0.093,0.001],[0,0],[0,0],[0,0]],"v":[[5.475,3.867],[7.271,7.7],[12.902,7.782],[13.15,7.682],[16.799,4.033],[9.035,3.919]],"c":true},"ix":1},"o":{"a":0,"k":100,"ix":3},"x":{"a":0,"k":0,"ix":4},"nm":"Mask 3"},{"inv":false,"mode":"n","pt":{"a":0,"k":{"i":[[0,0],[0,0],[0,0],[0,0],[0,0],[0,0],[-0.415,0.194],[0,0],[0,0],[0,0]],"o":[[0,0],[0,0],[0,0],[0,0],[0,0],[0.194,0.415],[0,0],[0,0],[0,0],[0,0]],"v":[[6.485,21.825],[-0.219,7.512],[-0.228,7.492],[-0.594,6.71],[-4.256,11.237],[2.195,25.011],[3.299,25.411],[7.173,23.596],[10.055,20.714],[6.701,22.285]],"c":true},"ix":1},"o":{"a":0,"k":100,"ix":3},"x":{"a":0,"k":0,"ix":4},"nm":"Mask 4"}],"ef":[{"ty":22,"nm":"Stroke","np":13,"mn":"ADBE Stroke","ix":1,"en":1,"ef":[{"ty":10,"nm":"Path","mn":"ADBE Stroke-0001","ix":1,"v":{"a":0,"k":1,"ix":1}},{"ty":7,"nm":"All Masks","mn":"ADBE Stroke-0010","ix":2,"v":{"a":0,"k":1,"ix":2}},{"ty":7,"nm":"Stroke Sequentially","mn":"ADBE Stroke-0011","ix":3,"v":{"a":0,"k":1,"ix":3}},{"ty":2,"nm":"Color","mn":"ADBE Stroke-0002","ix":4,"v":{"a":0,"k":[0.784313797951,0.905882418156,0.458823561668,1],"ix":4}},{"ty":0,"nm":"Brush Size","mn":"ADBE Stroke-0003","ix":5,"v":{"a":0,"k":1,"ix":5}},{"ty":0,"nm":"Brush Hardness","mn":"ADBE Stroke-0004","ix":6,"v":{"a":0,"k":0.95,"ix":6}},{"ty":0,"nm":"Opacity","mn":"ADBE Stroke-0005","ix":7,"v":{"a":0,"k":1,"ix":7}},{"ty":0,"nm":"Start","mn":"ADBE Stroke-0008","ix":8,"v":{"a":0,"k":0,"ix":8}},{"ty":0,"nm":"End","mn":"ADBE Stroke-0009","ix":9,"v":{"a":0,"k":100,"ix":9}},{"ty":7,"nm":"Spacing","mn":"ADBE Stroke-0006","ix":10,"v":{"a":0,"k":5,"ix":10}},{"ty":7,"nm":"Paint Style","mn":"ADBE Stroke-0007","ix":11,"v":{"a":0,"k":1,"ix":11}}]}],"shapes":[],"ip":0,"op":259.999977496214,"st":0,"bm":0},{"ddd":0,"ind":2,"ty":4,"nm":"Shape Layer 2","sr":1,"ks":{"o":{"a":0,"k":100,"ix":11},"r":{"a":0,"k":0,"ix":10},"p":{"a":0,"k":[600,400,0],"ix":2},"a":{"a":0,"k":[0,0,0],"ix":1},"s":{"a":0,"k":[160,160,100],"ix":6}},"ao":0,"hasMask":true,"masksProperties":[{"inv":false,"mode":"n","pt":{"a":0,"k":{"i":[[2.757,0],[0,0],[0,2.757],[0,0],[-2.757,0],[0,0],[0,-2.757],[0,0]],"o":[[0,0],[-2.757,0],[0,0],[0,-2.757],[0,0],[2.757,0],[0,0],[0,2.757]],"v":[[339,184.25],[-338,184.25],[-343,179.25],[-343,171.75],[-338,166.75],[339,166.75],[344,171.75],[344,179.25]],"c":true},"ix":1},"o":{"a":0,"k":100,"ix":3},"x":{"a":0,"k":0,"ix":4},"nm":"Mask 1"},{"inv":false,"mode":"n","pt":{"a":0,"k":{"i":[[0,0],[0,-1.654],[0,0],[-1.654,0],[0,0],[0,1.654],[0,0],[1.654,0]],"o":[[-1.654,0],[0,0],[0,1.654],[0,0],[1.654,0],[0,0],[0,-1.654],[0,0]],"v":[[-338,168.75],[-341,171.75],[-341,179.25],[-338,182.25],[339,182.25],[342,179.25],[342,171.75],[339,168.75]],"c":true},"ix":1},"o":{"a":0,"k":100,"ix":3},"x":{"a":0,"k":0,"ix":4},"nm":"Mask 2"},{"inv":false,"mode":"n","pt":{"a":0,"k":{"i":[[3.584,0],[0,0],[0,3.584],[-3.584,0],[0,0],[0,-3.584]],"o":[[0,0],[-3.584,0],[0,-3.584],[0,0],[3.584,0],[0,3.584]],"v":[[167,163.75],[-200,163.75],[-206.5,157.25],[-200,150.75],[167,150.75],[173.5,157.25]],"c":true},"ix":1},"o":{"a":0,"k":100,"ix":3},"x":{"a":0,"k":0,"ix":4},"nm":"Mask 3"},{"inv":false,"mode":"n","pt":{"a":0,"k":{"i":[[0,0],[0,-2.481],[-2.481,0],[0,0],[0,2.481],[2.481,0]],"o":[[-2.481,0],[0,2.481],[0,0],[2.481,0],[0,-2.481],[0,0]],"v":[[-200,152.75],[-204.5,157.25],[-200,161.75],[167,161.75],[171.5,157.25],[167,152.75]],"c":true},"ix":1},"o":{"a":0,"k":100,"ix":3},"x":{"a":0,"k":0,"ix":4},"nm":"Mask 4"},{"inv":false,"mode":"n","pt":{"a":0,"k":{"i":[[6.065,0],[0,0],[0,6.065],[0,0],[-4.962,0],[0,0],[0,4.963],[0,0]],"o":[[0,0],[-6.065,0],[0,0],[0,4.963],[0,0],[4.963,0],[0,0],[0,6.065]],"v":[[162.5,168.75],[-195.5,168.75],[-206.5,157.75],[-204.5,157.75],[-195.5,166.75],[162.5,166.75],[171.5,157.75],[173.5,157.75]],"c":true},"ix":1},"o":{"a":0,"k":100,"ix":3},"x":{"a":0,"k":0,"ix":4},"nm":"Mask 5"},{"inv":false,"mode":"n","pt":{"a":0,"k":{"i":[[0,0],[0,0],[0,0],[-12.682,0],[0,0],[0,-12.682]],"o":[[0,0],[0,0],[0,-12.682],[0,0],[12.683,0],[0,0]],"v":[[125,152.75],[-158,152.75],[-158,-12.25],[-135,-35.25],[102,-35.25],[125,-12.25]],"c":true},"ix":1},"o":{"a":0,"k":100,"ix":3},"x":{"a":0,"k":0,"ix":4},"nm":"Mask 6"},{"inv":false,"mode":"n","pt":{"a":0,"k":{"i":[[0,0],[0,0],[0,0],[11.579,0],[0,0],[0,-11.58]],"o":[[0,0],[0,0],[0,-11.58],[0,0],[-11.58,0],[0,0]],"v":[[-156,150.75],[123,150.75],[123,-12.25],[102,-33.25],[-135,-33.25],[-156,-12.25]],"c":true},"ix":1},"o":{"a":0,"k":100,"ix":3},"x":{"a":0,"k":0,"ix":4},"nm":"Mask 7"},{"inv":false,"mode":"n","pt":{"a":0,"k":{"i":[[3.859,0],[0,0],[0,3.859],[0,0],[-3.86,0],[0,0],[0,-3.86],[0,0]],"o":[[0,0],[-3.86,0],[0,0],[0,-3.86],[0,0],[3.859,0],[0,0],[0,3.859]],"v":[[105.5,142.75],[-138.5,142.75],[-145.5,135.75],[-145.5,-14.25],[-138.5,-21.25],[105.5,-21.25],[112.5,-14.25],[112.5,135.75]],"c":true},"ix":1},"o":{"a":0,"k":100,"ix":3},"x":{"a":0,"k":0,"ix":4},"nm":"Mask 8"},{"inv":false,"mode":"n","pt":{"a":0,"k":{"i":[[0,0],[0,-2.757],[0,0],[-2.757,0],[0,0],[0,2.757],[0,0],[2.757,0]],"o":[[-2.757,0],[0,0],[0,2.757],[0,0],[2.757,0],[0,0],[0,-2.757],[0,0]],"v":[[-138.5,-19.25],[-143.5,-14.25],[-143.5,135.75],[-138.5,140.75],[105.5,140.75],[110.5,135.75],[110.5,-14.25],[105.5,-19.25]],"c":true},"ix":1},"o":{"a":0,"k":100,"ix":3},"x":{"a":0,"k":0,"ix":4},"nm":"Mask 9"},{"inv":false,"mode":"n","pt":{"a":0,"k":{"i":[[0,0],[0,0],[0,0],[0,0]],"o":[[0,0],[0,0],[0,0],[0,0]],"v":[[111.5,-9.25],[-144.5,-9.25],[-144.5,-11.25],[111.5,-11.25]],"c":true},"ix":1},"o":{"a":0,"k":100,"ix":3},"x":{"a":0,"k":0,"ix":4},"nm":"Mask 10"},{"inv":false,"mode":"n","pt":{"a":0,"k":{"i":[[0,0],[0,0],[0,0],[0,0]],"o":[[0,0],[0,0],[0,0],[0,0]],"v":[[107.5,-14.25],[100.5,-14.25],[100.5,-16.25],[107.5,-16.25]],"c":true},"ix":1},"o":{"a":0,"k":100,"ix":3},"x":{"a":0,"k":0,"ix":4},"nm":"Mask 11"},{"inv":false,"mode":"n","pt":{"a":0,"k":{"i":[[0,0],[0,0],[0,0],[0,0]],"o":[[0,0],[0,0],[0,0],[0,0]],"v":[[95.5,-14.25],[83.5,-14.25],[83.5,-16.25],[95.5,-16.25]],"c":true},"ix":1},"o":{"a":0,"k":100,"ix":3},"x":{"a":0,"k":0,"ix":4},"nm":"Mask 12"},{"inv":false,"mode":"n","pt":{"a":0,"k":{"i":[[0,0],[0,0],[0,0],[0,0]],"o":[[0,0],[0,0],[0,0],[0,0]],"v":[[80.5,-14.25],[68.5,-14.25],[68.5,-16.25],[80.5,-16.25]],"c":true},"ix":1},"o":{"a":0,"k":100,"ix":3},"x":{"a":0,"k":0,"ix":4},"nm":"Mask 13"},{"inv":false,"mode":"n","pt":{"a":0,"k":{"i":[[0,0],[0,0],[0,0],[0,0]],"o":[[0,0],[0,0],[0,0],[0,0]],"v":[[63.5,-14.25],[50.5,-14.25],[50.5,-16.25],[63.5,-16.25]],"c":true},"ix":1},"o":{"a":0,"k":100,"ix":3},"x":{"a":0,"k":0,"ix":4},"nm":"Mask 14"},{"inv":false,"mode":"n","pt":{"a":0,"k":{"i":[[0,0],[0,0],[0,0],[0,0]],"o":[[0,0],[0,0],[0,0],[0,0]],"v":[[-129.5,-14.25],[-138.5,-14.25],[-138.5,-16.25],[-129.5,-16.25]],"c":true},"ix":1},"o":{"a":0,"k":100,"ix":3},"x":{"a":0,"k":0,"ix":4},"nm":"Mask 15"},{"inv":false,"mode":"n","pt":{"a":0,"k":{"i":[[0,0],[0,0],[0,0],[0,0]],"o":[[0,0],[0,0],[0,0],[0,0]],"v":[[-113.5,-14.25],[-126.5,-14.25],[-126.5,-16.25],[-113.5,-16.25]],"c":true},"ix":1},"o":{"a":0,"k":100,"ix":3},"x":{"a":0,"k":0,"ix":4},"nm":"Mask 16"},{"inv":false,"mode":"n","pt":{"a":0,"k":{"i":[[0,-1.105],[-1.105,0],[0,1.105],[1.105,0]],"o":[[0,1.105],[1.105,0],[0,-1.105],[-1.105,0]],"v":[[-18.5,-27.25],[-16.5,-25.25],[-14.5,-27.25],[-16.5,-29.25]],"c":true},"ix":1},"o":{"a":0,"k":100,"ix":3},"x":{"a":0,"k":0,"ix":4},"nm":"Mask 17"},{"inv":false,"mode":"n","pt":{"a":0,"k":{"i":[[13.785,0],[0,13.785],[0,0],[-1.654,0],[0,0],[0,-1.654],[0,0]],"o":[[-13.785,0],[0,0],[0,-1.654],[0,0],[1.654,0],[0,0],[0,13.785]],"v":[[-284.5,168.75],[-309.5,143.75],[-309.5,121.75],[-306.5,118.75],[-262.5,118.75],[-259.5,121.75],[-259.5,143.75]],"c":true},"ix":1},"o":{"a":0,"k":100,"ix":3},"x":{"a":0,"k":0,"ix":4},"nm":"Mask 18"},{"inv":false,"mode":"n","pt":{"a":0,"k":{"i":[[0,0],[0,-0.552],[0,0],[-12.682,0],[0,12.683],[0,0],[0.551,0]],"o":[[-0.551,0],[0,0],[0,12.683],[12.682,0],[0,0],[0,-0.552],[0,0]],"v":[[-306.5,120.75],[-307.5,121.75],[-307.5,143.75],[-284.5,166.75],[-261.5,143.75],[-261.5,121.75],[-262.5,120.75]],"c":true},"ix":1},"o":{"a":0,"k":100,"ix":3},"x":{"a":0,"k":0,"ix":4},"nm":"Mask 19"},{"inv":false,"mode":"n","pt":{"a":0,"k":{"i":[[0,0],[0,0],[0,0],[0,0]],"o":[[0,0],[0,0],[0,0],[0,0]],"v":[[-260.5,128.75],[-308.5,128.75],[-308.5,126.75],[-260.5,126.75]],"c":true},"ix":1},"o":{"a":0,"k":100,"ix":3},"x":{"a":0,"k":0,"ix":4},"nm":"Mask 20"},{"inv":false,"mode":"n","pt":{"a":0,"k":{"i":[[0,0],[0,0],[0,1.654],[0,0],[-1.654,0],[0,0],[0,0],[0,0],[0,-0.552],[0,0],[-0.551,0],[0,0]],"o":[[0,0],[-1.654,0],[0,0],[0,-1.654],[0,0],[0,0],[0,0],[-0.551,0],[0,0],[0,0.552],[0,0],[0,0]],"v":[[-306.5,153.75],[-313.5,153.75],[-316.5,150.75],[-316.5,133.75],[-313.5,130.75],[-308.5,130.75],[-308.5,132.75],[-313.5,132.75],[-314.5,133.75],[-314.5,150.75],[-313.5,151.75],[-306.5,151.75]],"c":true},"ix":1},"o":{"a":0,"k":100,"ix":3},"x":{"a":0,"k":0,"ix":4},"nm":"Mask 21"},{"inv":false,"mode":"n","pt":{"a":0,"k":{"i":[[0,0],[0,0],[0,4.963],[0,0],[-4.962,0],[0,0],[0,0],[0,0],[0,-3.859],[0,0],[-3.86,0],[0,0]],"o":[[0,0],[-4.962,0],[0,0],[0,-4.963],[0,0],[0,0],[0,0],[-3.86,0],[0,0],[0,3.859],[0,0],[0,0]],"v":[[-303.5,159.75],[-314.5,159.75],[-323.5,150.75],[-323.5,133.75],[-314.5,124.75],[-308.5,124.75],[-308.5,126.75],[-314.5,126.75],[-321.5,133.75],[-321.5,150.75],[-314.5,157.75],[-303.5,157.75]],"c":true},"ix":1},"o":{"a":0,"k":100,"ix":3},"x":{"a":0,"k":0,"ix":4},"nm":"Mask 22"},{"inv":false,"mode":"n","pt":{"a":0,"k":{"i":[[0.552,0],[0,0],[0,0],[0,0],[0,0],[0.553,0],[0,0.552],[0,0],[0,0],[0,0],[0,0],[0,-0.553]],"o":[[0,0],[0,0],[0,0],[0,0],[0,0.552],[-0.553,0],[0,0],[0,0],[0,0],[0,0],[0.552,0],[0,0.553]],"v":[[-157,51.75],[-259.5,51.75],[-259.5,-183.25],[53.5,-183.25],[53.5,-34.25],[52.5,-33.25],[51.5,-34.25],[51.5,-181.25],[-257.5,-181.25],[-257.5,49.75],[-157,49.75],[-156,50.75]],"c":true},"ix":1},"o":{"a":0,"k":100,"ix":3},"x":{"a":0,"k":0,"ix":4},"nm":"Mask 23"},{"inv":false,"mode":"n","pt":{"a":0,"k":{"i":[[0.552,0],[0,0],[0,0],[0,0],[0,0],[0.553,0],[0,0.552],[0,0],[0,0],[0,0],[0,0],[0,-0.553]],"o":[[0,0],[0,0],[0,0],[0,0],[0,0.552],[-0.553,0],[0,0],[0,0],[0,0],[0,0],[0.552,0],[0,0.553]],"v":[[-157,39.75],[-246.5,39.75],[-246.5,-171.25],[40.5,-171.25],[40.5,-34.25],[39.5,-33.25],[38.5,-34.25],[38.5,-169.25],[-244.5,-169.25],[-244.5,37.75],[-157,37.75],[-156,38.75]],"c":true},"ix":1},"o":{"a":0,"k":100,"ix":3},"x":{"a":0,"k":0,"ix":4},"nm":"Mask 24"},{"inv":false,"mode":"n","pt":{"a":0,"k":{"i":[[0,0],[0,0],[0,0],[0,0],[0,0],[0,0],[0,0],[0,0],[0,0],[0,0],[0,0],[0,0]],"o":[[0,0],[0,0],[0,0],[0,0],[0,0],[0,0],[0,0],[0,0],[0,0],[0,0],[0,0],[0,0]],"v":[[-94.5,-33.25],[-111.5,-33.25],[-111.5,-57.25],[-246.5,-57.25],[-246.5,-74.25],[-111.5,-74.25],[-111.5,-171.25],[-94.5,-171.25],[-94.5,-74.25],[40.5,-74.25],[40.5,-57.25],[-94.5,-57.25]],"c":true},"ix":1},"o":{"a":0,"k":100,"ix":3},"x":{"a":0,"k":0,"ix":4},"nm":"Mask 25"},{"inv":false,"mode":"n","pt":{"a":0,"k":{"i":[[0,0],[0,0],[0,0],[0,0],[0,0],[0,0],[0,0],[0,0],[0,0],[0,0],[0,0],[0,0]],"o":[[0,0],[0,0],[0,0],[0,0],[0,0],[0,0],[0,0],[0,0],[0,0],[0,0],[0,0],[0,0]],"v":[[-109.5,-35.25],[-96.5,-35.25],[-96.5,-59.25],[38.5,-59.25],[38.5,-72.25],[-96.5,-72.25],[-96.5,-169.25],[-109.5,-169.25],[-109.5,-72.25],[-244.5,-72.25],[-244.5,-59.25],[-109.5,-59.25]],"c":true},"ix":1},"o":{"a":0,"k":100,"ix":3},"x":{"a":0,"k":0,"ix":4},"nm":"Mask 26"},{"inv":false,"mode":"n","pt":{"a":0,"k":{"i":[[0,0],[0,0],[0,0],[-6.582,0],[-0.593,-0.072],[-5.6,0],[-2.839,-3.076],[-4.216,0],[-2.284,-1.323],[0,0]],"o":[[0,0],[0,0],[1.879,-6.309],[0.539,0],[2.566,-4.95],[4.216,0],[2.839,-3.076],[2.623,0],[0,0],[0,0]],"v":[[40.5,-117.25],[-19.254,-117.25],[-18.871,-118.536],[-4.5,-129.25],[-2.81,-129.143],[10.5,-137.25],[21.5,-132.432],[32.5,-137.25],[40.001,-135.227],[40.5,-134.938]],"c":true},"ix":1},"o":{"a":0,"k":100,"ix":3},"x":{"a":0,"k":0,"ix":4},"nm":"Mask 27"},{"inv":false,"mode":"n","pt":{"a":0,"k":{"i":[[1.997,-4.771],[0,0],[0,0],[2.083,0],[2.488,-3.162],[0,0],[0,0],[4.003,0],[2.111,-4.626],[0,0],[0,0],[0.649,0]],"o":[[0,0],[0,0],[-1.854,-0.969],[-4.003,0],[0,0],[0,0],[-2.488,-3.162],[-5.07,0],[0,0],[0,0],[-0.77,-0.126],[-5.246,0]],"v":[[-16.495,-119.25],[38.5,-119.25],[38.5,-133.771],[32.5,-135.25],[22.286,-130.274],[21.5,-129.275],[20.714,-130.274],[10.5,-135.25],[-1.321,-127.635],[-1.638,-126.94],[-2.393,-127.063],[-4.5,-127.25]],"c":true},"ix":1},"o":{"a":0,"k":100,"ix":3},"x":{"a":0,"k":0,"ix":4},"nm":"Mask 28"},{"inv":false,"mode":"n","pt":{"a":0,"k":{"i":[[0,0],[0,0],[0,0],[-5.676,0],[-1.588,-0.791],[-4.121,0],[-0.116,-0.004],[-5.449,0],[-2.128,-5.193],[-3.426,0],[0,-7.168],[0.5,-1.415]],"o":[[0,0],[0,0],[0.807,-5.62],[1.77,0],[2.453,-3.276],[0.117,0],[2.312,-4.888],[5.719,0],[2.415,-2.362],[7.168,0],[0,1.46],[0,0]],"v":[[-132.49,-125.25],[-206.535,-125.25],[-206.371,-126.392],[-195,-136.25],[-189.894,-135.044],[-179.5,-140.25],[-179.15,-140.243],[-166.5,-148.25],[-153.559,-139.562],[-144.5,-143.25],[-131.5,-130.25],[-132.254,-125.917]],"c":true},"ix":1},"o":{"a":0,"k":100,"ix":3},"x":{"a":0,"k":0,"ix":4},"nm":"Mask 29"},{"inv":false,"mode":"n","pt":{"a":0,"k":{"i":[[1.111,-4.062],[0,0],[0,1.006],[6.065,0],[2.106,-2.698],[0,0],[0,0],[5.414,0],[1.862,-4.514],[0,0],[0,0],[0.304,0],[2.04,-3.167],[0,0],[0,0],[1.718,0]],"o":[[0,0],[0.284,-0.988],[0,-6.065],[-3.403,0],[0,0],[0,0],[-1.403,-5.234],[-4.878,0],[0,0],[0,0],[-0.298,-0.024],[-3.75,0],[0,0],[0,0],[-1.485,-0.897],[-4.294,0]],"v":[[-204.154,-127.25],[-133.927,-127.25],[-133.5,-130.25],[-144.5,-141.25],[-153.169,-137.004],[-154.403,-135.422],[-154.923,-137.361],[-166.5,-146.25],[-177.594,-138.819],[-177.872,-138.145],[-178.6,-138.204],[-179.5,-138.25],[-188.746,-133.193],[-189.273,-132.376],[-190.104,-132.879],[-195,-134.25]],"c":true},"ix":1},"o":{"a":0,"k":100,"ix":3},"x":{"a":0,"k":0,"ix":4},"nm":"Mask 30"},{"inv":false,"mode":"n","pt":{"a":0,"k":{"i":[[0,0],[0,0],[0,0],[0,0],[-2.273,0],[-2.43,-3.329],[-4.177,0],[-1.954,-4.869],[-1.725,0],[0,-6.065],[0.036,-0.362]],"o":[[0,0],[0,0],[0,0],[1.98,-1.147],[4.177,0],[2.43,-3.329],[5.317,0],[1.527,-0.77],[6.065,0],[0,0.371],[0,0]],"v":[[-190.645,-83.25],[-246.5,-83.25],[-246.5,-101.207],[-246.001,-101.497],[-239.5,-103.25],[-229,-97.91],[-218.5,-103.25],[-206.436,-95.078],[-201.5,-96.25],[-190.5,-85.25],[-190.555,-84.151]],"c":true},"ix":1},"o":{"a":0,"k":100,"ix":3},"x":{"a":0,"k":0,"ix":4},"nm":"Mask 31"},{"inv":false,"mode":"n","pt":{"a":0,"k":{"i":[[0,0],[0,0],[4.962,0],[1.47,-0.968],[0,0],[0,0],[4.857,0],[1.941,-3.503],[0,0],[0,0],[3.996,0],[1.55,-0.794]],"o":[[0,0],[0,-4.962],[-1.758,0],[0,0],[0,0],[-1.358,-4.665],[-3.996,0],[0,0],[0,0],[-1.941,-3.503],[-1.733,0],[0,0]],"v":[[-244.5,-85.25],[-192.5,-85.25],[-201.5,-94.25],[-206.435,-92.771],[-207.566,-92.026],[-207.945,-93.327],[-218.5,-101.25],[-228.126,-95.57],[-229,-93.992],[-229.874,-95.57],[-239.5,-101.25],[-244.5,-100.038]],"c":true},"ix":1},"o":{"a":0,"k":100,"ix":3},"x":{"a":0,"k":0,"ix":4},"nm":"Mask 32"},{"inv":false,"mode":"n","pt":{"a":0,"k":{"i":[[0.044,0],[0.067,0.502],[1.05,5.765],[0,0],[0.588,5.01],[0,0],[0.265,-1.531],[0.955,-6.063],[0.547,0.083],[-0.086,0.545],[-0.665,3.849],[-0.146,0.881],[0,0],[-0.487,0],[-0.011,0],[-0.052,-0.498],[-1.419,-7.804],[0,0],[-0.979,-7.292],[0.548,-0.073]],"o":[[-0.493,0],[-0.972,-7.245],[0,0],[-0.793,-4.357],[0,0],[-0.147,0.884],[-0.664,3.843],[-0.086,0.546],[-0.546,-0.087],[0.959,-6.079],[0.265,-1.526],[0,0],[0.08,-0.483],[0.01,0],[0.5,0.016],[0.015,0.15],[0,0],[1.054,5.785],[0.073,0.547],[-0.045,0.006]],"v":[[289.045,83.136],[288.055,82.269],[284.727,62.085],[284.517,60.929],[282.304,45.012],[279.486,61.914],[278.857,65.582],[276.233,81.295],[275.09,82.128],[274.257,80.984],[276.887,65.241],[277.514,61.586],[281.514,37.586],[282.5,36.75],[282.531,36.75],[283.495,37.647],[286.483,60.571],[286.694,61.727],[290.037,82.003],[289.179,83.127]],"c":true},"ix":1},"o":{"a":0,"k":100,"ix":3},"x":{"a":0,"k":0,"ix":4},"nm":"Mask 33"},{"inv":false,"mode":"n","pt":{"a":0,"k":{"i":[[0.298,0],[0,0],[0.188,0.197],[-0.012,0.273],[3.343,7.938],[3.563,5.188],[-0.728,0.604],[-0.365,-0.365],[-2.086,-1.707],[-9.292,-16.261],[-0.126,-0.655],[0.19,-0.229]],"o":[[0,0],[-0.273,0],[-0.189,-0.196],[0.006,-0.145],[-6.366,-15.12],[-1.553,-2.259],[0.396,-0.33],[1.295,1.295],[7.044,5.764],[5.802,10.152],[0.056,0.293],[-0.189,0.23]],"v":[[283.333,134.75],[267.333,134.75],[266.611,134.441],[266.334,133.707],[263.578,111.138],[242.802,75.045],[241.815,71.945],[243.207,72.043],[248.39,76.52],[275.368,107.254],[284.315,133.562],[284.104,134.387]],"c":true},"ix":1},"o":{"a":0,"k":100,"ix":3},"x":{"a":0,"k":0,"ix":4},"nm":"Mask 34"},{"inv":false,"mode":"n","pt":{"a":0,"k":{"i":[[0.077,-3.558],[0,0],[4.73,8.276],[6.929,5.672],[-5.133,-12.191]],"o":[[0,0],[-0.831,-3.854],[-8.963,-15.685],[4.852,7.257],[3.018,7.166]],"v":[[268.363,132.75],[282.104,132.75],[273.632,108.246],[247.459,78.342],[265.422,110.362]],"c":true},"ix":1},"o":{"a":0,"k":100,"ix":3},"x":{"a":0,"k":0,"ix":4},"nm":"Mask 35"},{"inv":false,"mode":"n","pt":{"a":0,"k":{"i":[[0.06,0],[0.088,0.482],[0.328,2.081],[0.07,0.26],[-0.467,0.191],[-0.247,-0.439],[-8.918,-20.81],[-0.488,-1.239],[0.514,-0.202],[0.203,0.514],[0.527,1.232],[4.54,8.425],[-1.974,-12.503],[-0.406,-2.227],[0.543,-0.099]],"o":[[-0.474,0],[-0.409,-2.243],[-2.958,-18.732],[-0.131,-0.486],[0.464,-0.186],[0.131,0.23],[0.535,1.25],[0.202,0.514],[-0.513,0.201],[-0.481,-1.222],[-5.892,-13.745],[2.311,9.195],[0.327,2.065],[0.1,0.544],[-0.061,0.012]],"v":[[269.607,101.242],[268.625,100.422],[267.513,93.906],[257.534,49.01],[258.121,47.824],[259.37,48.258],[281.419,92.356],[282.955,96.092],[282.391,97.389],[281.094,96.824],[279.581,93.144],[261.464,56.231],[269.487,93.594],[270.592,100.062],[269.788,101.226]],"c":true},"ix":1},"o":{"a":0,"k":100,"ix":3},"x":{"a":0,"k":0,"ix":4},"nm":"Mask 36"},{"inv":false,"mode":"n","pt":{"a":0,"k":{"i":[[0.033,0],[0.052,0.516],[-0.398,5.104],[-2.898,6.235],[3.891,-8.43],[-0.351,-8.047],[0.552,-0.024],[0.024,0.551],[-4.741,10.272],[-0.461,0.252],[-0.315,-0.305],[0.196,-0.391],[0.949,-12.177],[-0.773,-7.714],[0.55,-0.055]],"o":[[-0.508,0],[-0.784,-7.831],[0.751,-9.635],[-3.614,2.684],[-4.574,9.908],[0.024,0.552],[-0.596,0.047],[-0.361,-8.269],[6.069,-13.149],[0.382,-0.208],[0.315,0.305],[-0.1,0.198],[-0.39,4.984],[0.055,0.55],[-0.034,0.003]],"v":[[291.056,123.547],[290.062,122.646],[289.479,103.154],[299.023,73.602],[285.408,90.169],[280.644,119.796],[279.69,120.839],[278.646,119.884],[283.592,89.331],[301.021,69.872],[302.195,70.031],[302.394,71.199],[291.474,103.31],[292.052,122.447],[291.156,123.542]],"c":true},"ix":1},"o":{"a":0,"k":100,"ix":3},"x":{"a":0,"k":0,"ix":4},"nm":"Mask 37"},{"inv":false,"mode":"n","pt":{"a":0,"k":{"i":[[0.317,0],[0,0],[0.184,0.286],[-0.141,0.309],[-0.838,2.934],[-0.362,2.537],[-1.062,3.186],[-5.232,6.28],[-0.474,0.33],[-0.341,-0.35],[0.289,-0.395],[2.921,-6.814],[0.364,-6.043],[0.356,-1.779],[0.216,-0.293]],"o":[[0,0],[-0.34,0],[-0.185,-0.286],[0.036,-0.079],[0.948,-3.318],[0.394,-2.765],[1.935,-5.806],[5.029,-6.034],[0.401,-0.278],[0.342,0.35],[-0.109,0.148],[-1.904,4.443],[-0.194,3.227],[-1.031,5.159],[-0.188,0.256]],"v":[[296.833,134.75],[286.5,134.75],[285.659,134.291],[285.59,133.335],[290.038,122.476],[291.723,113.996],[293.552,105.434],[303.231,87.109],[319.929,72.929],[321.216,73.052],[321.307,74.342],[307.419,96.144],[304.698,114.151],[303.981,121.946],[297.638,134.344]],"c":true},"ix":1},"o":{"a":0,"k":100,"ix":3},"x":{"a":0,"k":0,"ix":4},"nm":"Mask 38"},{"inv":false,"mode":"n","pt":{"a":0,"k":{"i":[[1.091,-2.447],[0,0],[-0.811,4.056],[-0.189,3.154],[-2.042,4.763],[-3.508,5.037],[2.753,-3.305],[1.874,-5.62],[0.382,-2.673],[0.985,-3.449]],"o":[[0,0],[1.088,-1.541],[0.329,-1.645],[0.373,-6.198],[1.923,-4.486],[-3.692,2.837],[-5.021,6.024],[-1.004,3.014],[-0.371,2.604],[-0.663,2.318]],"v":[[288.047,132.75],[296.319,132.75],[302.019,121.554],[302.702,114.031],[305.581,95.356],[316.051,78.273],[304.769,88.391],[295.448,106.066],[293.702,114.278],[291.962,123.024]],"c":true},"ix":1},"o":{"a":0,"k":100,"ix":3},"x":{"a":0,"k":0,"ix":4},"nm":"Mask 39"},{"inv":false,"mode":"n","pt":{"a":0,"k":{"i":[[0.14,0],[0,0],[0.17,0.336],[-0.224,0.304],[-0.944,4.722],[-0.155,2.433],[-0.334,0.153],[-0.053,0.023],[-4.448,0.89],[-2.502,0.274],[-0.393,-0.445],[0.115,-0.339],[1.116,-0.223],[3.333,-6.667],[0.197,-0.088]],"o":[[0,0],[-0.377,0],[-0.17,-0.337],[0.051,-0.068],[0.251,-1.257],[0.023,-0.367],[0.068,-0.031],[0.588,-0.656],[1.393,-0.278],[5.546,-0.608],[0.235,0.268],[-0.213,0.63],[-3.747,0.749],[-2.136,4.271],[-0.128,0.057]],"v":[[302,134.75],[296.833,134.75],[295.94,134.201],[296.028,133.156],[302.019,121.554],[302.581,115.985],[303.162,115.14],[303.344,115.058],[310.304,111.769],[317.347,110.815],[323.387,110.772],[323.585,111.766],[321.696,112.731],[309.394,128.197],[302.406,134.664]],"c":true},"ix":1},"o":{"a":0,"k":100,"ix":3},"x":{"a":0,"k":0,"ix":4},"nm":"Mask 40"},{"inv":false,"mode":"n","pt":{"a":0,"k":{"i":[[1.614,-2.408],[0,0],[-1.593,3.187],[-4.235,3.615],[1.331,-0.267],[0.015,-0.019],[0.085,-0.061],[0.252,-1.259]],"o":[[0,0],[0.822,-0.409],[1.786,-3.573],[-2.621,0.287],[-4.467,0.893],[-0.062,0.08],[-0.148,2.236],[-0.746,3.731]],"v":[[298.749,132.75],[301.773,132.75],[307.606,127.303],[317.604,112.798],[310.696,113.731],[304.763,116.477],[304.539,116.692],[303.981,121.946]],"c":true},"ix":1},"o":{"a":0,"k":100,"ix":3},"x":{"a":0,"k":0,"ix":4},"nm":"Mask 41"},{"inv":false,"mode":"n","pt":{"a":0,"k":{"i":[[0,0],[0,0]],"o":[[0,0],[0,0]],"v":[[303.961,115.879],[303.971,115.879]],"c":true},"ix":1},"o":{"a":0,"k":100,"ix":3},"x":{"a":0,"k":0,"ix":4},"nm":"Mask 42"},{"inv":false,"mode":"n","pt":{"a":0,"k":{"i":[[0,0],[0,0]],"o":[[0,0],[0,0]],"v":[[322.433,112.4],[322.442,112.4]],"c":true},"ix":1},"o":{"a":0,"k":100,"ix":3},"x":{"a":0,"k":0,"ix":4},"nm":"Mask 43"},{"inv":false,"mode":"n","pt":{"a":0,"k":{"i":[[0.238,0],[0.197,0.22],[3.142,4.713],[0.119,0.14],[-0.346,0.372],[-0.408,-0.298],[-6.948,-5.956],[-1.951,-2.272],[0.419,-0.36],[0.361,0.42],[1.802,1.545],[4.893,3.683],[-3.369,-5.054],[-0.038,-0.042],[0.41,-0.369]],"o":[[-0.273,0],[-0.16,-0.178],[-5.899,-8.848],[-0.331,-0.386],[0.346,-0.372],[0.149,0.11],[1.88,1.61],[0.359,0.419],[-0.417,0.359],[-1.885,-2.195],[-3.873,-3.319],[3.989,4.873],[3.059,4.589],[0.369,0.411],[-0.191,0.172]],"v":[[264.5,134.75],[263.757,134.419],[256.668,125.305],[238.741,102.4],[238.767,101.07],[240.092,100.943],[262.15,117.991],[267.924,123.843],[267.816,125.253],[266.406,125.146],[260.85,119.509],[245.683,107.6],[258.332,124.195],[265.243,133.081],[265.169,134.493]],"c":true},"ix":1},"o":{"a":0,"k":100,"ix":3},"x":{"a":0,"k":0,"ix":4},"nm":"Mask 44"},{"inv":false,"mode":"n","pt":{"a":0,"k":{"i":[[0,0],[0,0],[0,0],[-0.693,1.499],[-1.521,0.178],[-0.198,0],[0,0],[-0.192,-0.023],[-0.659,-1.424],[0.908,-1.362]],"o":[[0,0],[0,0],[-0.908,-1.362],[0.659,-1.424],[0.188,-0.022],[0,0],[0.198,0],[1.517,0.177],[0.693,1.499],[0,0]],"v":[[293.035,168.75],[267.965,168.75],[248.786,139.981],[248.438,135.343],[251.919,132.784],[252.5,132.75],[308.5,132.75],[309.086,132.785],[312.562,135.343],[312.214,139.981]],"c":true},"ix":1},"o":{"a":0,"k":100,"ix":3},"x":{"a":0,"k":0,"ix":4},"nm":"Mask 45"},{"inv":false,"mode":"n","pt":{"a":0,"k":{"i":[[0,0],[0,0],[0,0],[0.403,0.872],[0.837,0.098],[0.116,0],[0,0],[0.112,-0.014],[0.37,-0.8],[-0.524,-0.787]],"o":[[0,0],[0,0],[0.524,-0.787],[-0.37,-0.8],[-0.117,-0.015],[0,0],[-0.116,0],[-0.842,0.099],[-0.403,0.872],[0,0]],"v":[[269.035,166.75],[291.965,166.75],[310.55,138.872],[310.747,136.183],[308.849,134.771],[308.5,134.75],[252.5,134.75],[252.156,134.769],[250.253,136.183],[250.45,138.872]],"c":true},"ix":1},"o":{"a":0,"k":100,"ix":3},"x":{"a":0,"k":0,"ix":4},"nm":"Mask 46"}],"ef":[{"ty":22,"nm":"Stroke","np":13,"mn":"ADBE Stroke","ix":1,"en":1,"ef":[{"ty":10,"nm":"Path","mn":"ADBE Stroke-0001","ix":1,"v":{"a":0,"k":1,"ix":1}},{"ty":7,"nm":"All Masks","mn":"ADBE Stroke-0010","ix":2,"v":{"a":0,"k":1,"ix":2}},{"ty":7,"nm":"Stroke Sequentially","mn":"ADBE Stroke-0011","ix":3,"v":{"a":0,"k":1,"ix":3}},{"ty":2,"nm":"Color","mn":"ADBE Stroke-0002","ix":4,"v":{"a":0,"k":[0.784313797951,0.905882418156,0.458823561668,1],"ix":4}},{"ty":0,"nm":"Brush Size","mn":"ADBE Stroke-0003","ix":5,"v":{"a":0,"k":1,"ix":5}},{"ty":0,"nm":"Brush Hardness","mn":"ADBE Stroke-0004","ix":6,"v":{"a":0,"k":0.95,"ix":6}},{"ty":0,"nm":"Opacity","mn":"ADBE Stroke-0005","ix":7,"v":{"a":0,"k":1,"ix":7}},{"ty":0,"nm":"Start","mn":"ADBE Stroke-0008","ix":8,"v":{"a":0,"k":0,"ix":8}},{"ty":0,"nm":"End","mn":"ADBE Stroke-0009","ix":9,"v":{"a":0,"k":100,"ix":9}},{"ty":7,"nm":"Spacing","mn":"ADBE Stroke-0006","ix":10,"v":{"a":0,"k":5,"ix":10}},{"ty":7,"nm":"Paint Style","mn":"ADBE Stroke-0007","ix":11,"v":{"a":0,"k":1,"ix":11}}]}],"shapes":[],"ip":0,"op":259.999977496214,"st":0,"bm":0},{"ddd":0,"ind":3,"ty":4,"nm":"circle 2","sr":1,"ks":{"o":{"a":1,"k":[{"i":{"x":[0.833],"y":[0.833]},"o":{"x":[0.167],"y":[0.167]},"n":["0p833_0p833_0p167_0p167"],"t":56,"s":[100],"e":[0]},{"t":72.9999936816292}],"ix":11},"r":{"a":0,"k":0,"ix":10},"p":{"a":0,"k":[651,456,0],"ix":2},"a":{"a":0,"k":[0,0,0],"ix":1},"s":{"a":0,"k":[100,100,100],"ix":6}},"ao":0,"shapes":[{"ty":"gr","it":[{"d":1,"ty":"el","s":{"a":1,"k":[{"i":{"x":[0.249,0.249],"y":[1,1]},"o":{"x":[0.727,0.727],"y":[0,0]},"n":["0p249_1_0p727_0","0p249_1_0p727_0"],"t":56,"s":[0,0],"e":[120,120]},{"t":72.9999936816292}],"ix":2},"p":{"a":0,"k":[0,0],"ix":3},"nm":"Ellipse Path 1","mn":"ADBE Vector Shape - Ellipse","hd":false},{"ty":"st","c":{"a":0,"k":[0.776470648074,0.882353001015,0.435294147566,1],"ix":3},"o":{"a":0,"k":100,"ix":4},"w":{"a":0,"k":2,"ix":5},"lc":1,"lj":1,"ml":4,"ml2":{"a":0,"k":4,"ix":8},"nm":"Stroke 1","mn":"ADBE Vector Graphic - Stroke","hd":false},{"ty":"fl","c":{"a":0,"k":[1,0,0,1],"ix":4},"o":{"a":0,"k":100,"ix":5},"r":1,"nm":"Fill 1","mn":"ADBE Vector Graphic - Fill","hd":true},{"ty":"tr","p":{"a":0,"k":[1.359,0.359],"ix":2},"a":{"a":0,"k":[0,0],"ix":1},"s":{"a":0,"k":[100,100],"ix":3},"r":{"a":0,"k":0,"ix":6},"o":{"a":0,"k":100,"ix":7},"sk":{"a":0,"k":0,"ix":4},"sa":{"a":0,"k":0,"ix":5},"nm":"Transform"}],"nm":"Ellipse 1","np":3,"cix":2,"ix":1,"mn":"ADBE Vector Group","hd":false}],"ip":55.9999951530306,"op":284.999975332388,"st":24.9999978361744,"bm":0},{"ddd":0,"ind":4,"ty":4,"nm":"circle","sr":1,"ks":{"o":{"a":1,"k":[{"i":{"x":[0.833],"y":[0.833]},"o":{"x":[0.167],"y":[0.167]},"n":["0p833_0p833_0p167_0p167"],"t":21,"s":[100],"e":[0]},{"t":37.9999967109851}],"ix":11},"r":{"a":0,"k":0,"ix":10},"p":{"a":0,"k":[482,466,0],"ix":2},"a":{"a":0,"k":[0,0,0],"ix":1},"s":{"a":0,"k":[100,100,100],"ix":6}},"ao":0,"shapes":[{"ty":"gr","it":[{"d":1,"ty":"el","s":{"a":1,"k":[{"i":{"x":[0.249,0.249],"y":[1,1]},"o":{"x":[0.727,0.727],"y":[0,0]},"n":["0p249_1_0p727_0","0p249_1_0p727_0"],"t":21,"s":[0,0],"e":[120,120]},{"t":37.9999967109851}],"ix":2},"p":{"a":0,"k":[0,0],"ix":3},"nm":"Ellipse Path 1","mn":"ADBE Vector Shape - Ellipse","hd":false},{"ty":"st","c":{"a":0,"k":[0.776470648074,0.882353001015,0.435294147566,1],"ix":3},"o":{"a":0,"k":100,"ix":4},"w":{"a":0,"k":2,"ix":5},"lc":1,"lj":1,"ml":4,"ml2":{"a":0,"k":4,"ix":8},"nm":"Stroke 1","mn":"ADBE Vector Graphic - Stroke","hd":false},{"ty":"fl","c":{"a":0,"k":[1,0,0,1],"ix":4},"o":{"a":0,"k":100,"ix":5},"r":1,"nm":"Fill 1","mn":"ADBE Vector Graphic - Fill","hd":true},{"ty":"tr","p":{"a":0,"k":[1.359,0.359],"ix":2},"a":{"a":0,"k":[0,0],"ix":1},"s":{"a":0,"k":[100,100],"ix":3},"r":{"a":0,"k":0,"ix":6},"o":{"a":0,"k":100,"ix":7},"sk":{"a":0,"k":0,"ix":4},"sa":{"a":0,"k":0,"ix":5},"nm":"Transform"}],"nm":"Ellipse 1","np":3,"cix":2,"ix":1,"mn":"ADBE Vector Group","hd":false}],"ip":20.9999981823865,"op":249.999978361744,"st":-9.99999913446976,"bm":0}],"markers":[]}